{
  "cv_mean": 15.8195518597823,
  "cv_std": 0.17801050841351349,
  "oof_score": 15.819570669719964,
  "fold_scores": [
    16.09441255010876,
    15.858910531514862,
    15.795532216016058,
    15.813477753404307,
    15.535426247867518
  ],
  "config": {
    "n_folds": 5,
    "epochs": 100,
    "batch_size": 64,
    "lr": 0.001,
    "use_auxiliary": true,
    "augment": true,
    "hidden_dim": 256,
    "num_layers": 4,
    "nhead": 8,
    "dropout": 0.3
  },
  "timestamp": "20251226_124408"
}