{
  "cv_mean": 10.981470108032227,
  "cv_std": 0.051719605922698975,
  "oof_score": 10.981474876403809,
  "fold_scores": [
    11.052497863769531,
    11.035226821899414,
    10.927305221557617,
    10.948649406433105,
    10.943670272827148
  ],
  "config": {
    "n_folds": 5,
    "epochs": 100,
    "batch_size": 64,
    "lr": 0.001,
    "use_auxiliary": true,
    "augment": true,
    "hidden_dim": 256,
    "num_layers": 4,
    "nhead": 8,
    "dropout": 0.3
  },
  "timestamp": "20251226_013024"
}